Source IP,Destination IP,Source Port,Destination Port,Protocol,SYN Flag Count,ACK Flag Count,Fwd PSH Flags,Fwd Header Length,Bwd Header Length,Init Fwd Win Bytes,Total Fwd Packets,Total Backward Packets,Fwd Packets Length Total,Fwd Packet Length Max,Fwd Packet Length Min,Fwd Packet Length Std,Bwd Packet Length Mean,Flow Bytes/s,Flow Packets/s,Flow Duration,Flow IAT Mean,Flow IAT Std,Bwd IAT Mean,Down/Up Ratio,Active Mean,Active Std
10.1.1.5,10.1.1.4,49153,80,6,4,4,0,216,112,65535,4,2,0,0,0,0.0,0.0,439.95919277578935,6.0544843042539815,991001.0,198200.2,393368.7815149544,984950.0,0.5138888888888888,991001.0,0.0
10.1.1.6,10.1.1.4,49153,80,6,2,2,0,108,56,65535,2,1,0,0,0,0.0,0.0,4274509.80391962,58823.52941173789,51.00000000002325,25.500000000011624,0.500000000069889,0.0,0.5138888888888888,51.00000000002325,0.0
10.1.1.1,10.1.1.4,49153,80,6,2,16,0,576,316,65535,11,6,576,64,0,24.68445490687584,0.0,445952.74007038295,4273.504273504233,3978.0000000000373,248.6250000000023,525.9288063749061,390.4000000000352,0.31407407407407406,3978.0000000000373,0.0
10.1.1.4,10.1.1.7,80,49153,6,2,2,0,56,108,65535,1,2,0,0,0,0.0,0.0,218.762825974172,3.0104976051491557,996512.9999999998,498256.4999999999,498230.49999999977,996486.9999999997,1.945945945945946,996512.9999999998,0.0
10.1.1.1,10.1.1.4,49153,80,6,19,29147,0,1023244,492996,32768,19677,9480,2672880,536,0,169.16770304803396,0.0,4714488.166139104,29160.353440645664,999885.0000000003,34.294313348881886,121.31292094106459,105.39350142420088,0.16384819927363584,999885.0000000003,0.0
10.1.1.6,10.1.1.4,49154,80,6,2,2,0,108,56,65535,2,1,0,0,0,0.0,0.0,26057.853215395353,358.59431030360577,8366.000000000096,4183.000000000048,4148.000000000041,0.0,0.5138888888888888,8366.000000000096,0.0
10.1.1.8,10.1.1.4,49153,80,6,2,2,0,108,56,65535,2,1,0,0,0,0.0,0.0,58570.66093497765,806.0182697473989,3722.000000000225,1861.0000000001125,1798.0000000001885,0.0,0.5138888888888888,3722.000000000225,0.0
10.1.1.2,10.1.1.4,49153,80,6,12,6177,0,220036,101528,65535,4231,1952,665184,536,0,187.66797612759774,0.0,2205085.1576133785,12416.684907793619,497958.9999999998,80.54982206405691,454.96075181614293,253.25832906201953,0.14215428270669808,497958.9999999998,0.0
10.1.1.1,10.1.1.4,49154,80,6,19,12896,0,477448,195288,32768,9181,3724,3673560,536,0,213.82427696068316,0.0,4578901.944234153,12905.890506444948,999930.9999999997,77.49000309981399,367.34225675116625,267.34327155519725,0.060774752992517146,999930.9999999997,0.0
10.1.1.2,10.1.1.4,49158,80,6,20,6567,0,232272,109812,32768,4466,2111,1951048,536,0,192.60667128696258,0.0,2415670.5376542266,6588.325331244407,998281.0000000005,151.80672141119229,950.6257483702805,471.44881516587697,0.06529552398100816,998281.0000000005,0.0
10.1.1.5,10.1.1.4,49153,80,6,0,176,0,6344,2808,32768,122,54,62464,512,512,0.0,0.0,75923.76759919914,178.6823798868615,984988.0000000005,5628.502857142859,4312.178252178737,16822.71698113208,0.053236437383809364,984988.0000000005,0.0
10.1.1.4,10.1.1.7,80,49154,6,1,2,0,56,52,65535,1,1,0,0,0,0.0,0.0,631578.947368712,8771.929824565445,227.99999999989495,227.99999999989495,0.0,0.0,0.9459459459459459,227.99999999989495,0.0
10.1.1.9,10.1.1.4,49153,80,6,4,4,0,216,112,65535,4,2,0,0,0,0.0,0.0,443.74286932688483,6.106553247617681,982551.0,196510.19999999998,368771.03104143095,938374.0,0.5138888888888888,982551.0,0.0
10.1.1.3,10.1.1.4,49153,80,6,22,3282,0,121152,50172,65535,2329,964,844792,536,0,228.22208255174812,0.0,1101888.2076167676,3374.141351213993,975952.0000000003,296.4617253948968,1871.3132037080873,991.444444444444,0.06699700158552824,975952.0000000003,0.0
10.1.1.8,10.1.1.4,49154,80,6,2,2,0,108,56,65535,2,1,0,0,0,0.0,0.0,15901.962214603578,218.83434240280155,13708.99999999997,6854.499999999986,6822.4999999999545,0.0,0.5138888888888888,13708.99999999997,0.0
10.1.1.6,10.1.1.4,49153,80,6,0,86,0,3224,1248,32768,62,24,31744,536,368,19.753317402074437,0.0,75584.8397995292,172.1294413398875,499624.0000000003,5877.92941176471,7271.529153507597,16776.21739130435,0.046558031260392416,499624.0000000003,0.0
10.1.1.1,10.1.1.4,49159,80,6,0,8194,0,294944,131144,32768,5672,2522,2696576,536,64,157.8740307088961,0.0,3308869.7763836873,8291.004755640994,988300.0000000006,120.62736482363,717.8349691994737,391.81356604522017,0.057065906046516436,988300.0000000006,0.0
10.1.1.2,10.1.1.4,49159,80,6,8,6690,0,238748,109372,32768,4591,2103,2260072,536,0,137.07820188662996,0.0,2743846.4957354357,6731.196592369438,994473.9999999994,148.58419243986245,844.5172631217764,469.98667935299693,0.0570321113107399,994473.9999999994,0.0
10.1.1.3,10.1.1.4,49163,80,6,18,4942,0,177252,80272,32768,3408,1543,1425280,536,0,204.7001937533652,0.0,1777608.5698148368,4966.889078161034,996801.0000000005,201.37393939393948,1065.6073210116213,643.7302204928666,0.0649363293899305,996801.0000000005,0.0
10.1.1.5,10.1.1.4,49153,80,6,0,190,0,6344,3536,32768,122,68,62464,536,296,24.964236714830644,0.0,76764.86024791228,192.50994465845693,986962.0000000001,5222.021164021164,8072.261094931025,14647.10447761194,0.06703847670553771,986962.0000000001,0.0
10.1.1.6,10.1.1.4,49153,80,6,0,184,0,6292,3276,32768,121,63,61952,536,152,35.85093103670178,0.0,75417.76981817774,185.44031492603037,992233.0000000006,5422.0382513661225,9922.659077206667,15170.500000000005,0.06262247593081707,992233.0000000006,0.0
10.1.1.7,10.1.1.4,49153,80,6,0,181,0,6344,3068,32768,122,59,62464,536,248,27.13898653531363,0.0,75886.8736737169,182.81369466476906,990079.0000000006,5500.4388888888925,8231.202976859779,16762.41379310345,0.05816573714156949,990079.0000000006,0.0
10.1.1.8,10.1.1.4,49153,80,6,0,87,0,3120,1404,32768,60,27,30720,536,152,52.030760132829116,0.0,76141.97447868284,179.9606568770825,483439.00000000064,5621.383720930238,15991.370859956496,16809.269230769223,0.05412371134020619,483439.00000000064,0.0
10.1.1.4,10.1.1.7,80,49153,6,0,180,0,3120,6240,32768,60,120,0,0,0,0.0,512.0,74089.41764156692,180.12014013346902,999333.0,5582.865921787709,14759.037312245651,8191.873949579827,16.62857142857143,999333.0,0.0
10.1.1.4,10.1.1.1,80,49172,6,0,6829,0,113100,242008,32768,2175,4654,0,0,0,0.0,491.78169316716804,2766964.6196648963,6829.450743749084,999934.0000000006,146.44610427650855,802.9147698151659,214.8850204169353,17.172623973727422,999934.0000000006,0.0
10.1.1.4,10.1.1.3,80,49155,6,0,4910,0,84968,170352,32768,1634,3276,0,0,0,0.0,536.0,2110015.1645946414,4934.271682405754,995080.9999999999,202.70543898961088,1012.3622834563405,303.81862595419824,17.356670746634027,995080.9999999999,0.0
10.1.1.4,10.1.1.2,80,49172,6,0,6301,0,103064,224588,32768,1982,4319,0,0,0,0.0,526.0662190321834,2725414.3646408846,6329.48267202411,995499.9999999999,158.01587301587298,821.3321340062229,230.5287169986104,18.555643649992792,995499.9999999999,0.0
10.1.1.8,10.1.1.4,49153,80,6,0,177,0,6292,2912,32768,121,56,61952,536,56,65.59983874199088,0.0,75748.18938779499,180.34797989884203,981436.0000000005,5576.340909090911,17625.881166487692,14749.49090909091,0.05566442304961518,981436.0000000005,0.0
10.1.1.6,10.1.1.4,49154,80,6,0,98,0,3172,1924,32768,61,37,31232,536,272,45.57825193203802,0.0,52942.68896934654,136.20664493846374,719495.0000000002,7417.474226804126,20403.836891595176,15679.611111111124,0.07295363641484987,719495.0000000002,0.0
10.1.1.9,10.1.1.4,49153,80,6,0,158,0,5928,2288,32768,114,44,58368,536,104,39.44883428335734,0.0,74997.62351253485,170.6750088578168,925736.0000000006,5896.407643312105,12071.871164020331,16329.02325581396,0.046421896666063785,925736.0000000006,0.0
10.1.1.4,10.1.1.5,80,49154,6,0,2,0,104,0,32768,2,0,0,0,0,0.0,0.0,8383.233532934051,119.76047904191503,16700.00000000016,16700.00000000016,0.0,0.0,0.0,16700.00000000016,0.0
10.1.1.1,10.1.1.4,49169,80,6,0,6658,0,240552,105664,32768,4626,2032,2231264,536,64,149.837725052499,0.0,2698659.836619126,6661.297342184381,999505.0000000001,150.14345801412048,858.7272465698528,491.2358444116199,0.0556694026497759,999505.0000000001,0.0
10.1.1.4,10.1.1.3,80,49166,6,0,5262,0,87724,185900,32768,1687,3575,0,0,0,0.0,536.0,2310150.3265197976,5320.9884782701,988914.0000000003,187.97072799847945,1068.7069788451029,276.6287073307219,18.345753239054957,988914.0000000003,0.0
10.1.1.7,10.1.1.4,49154,80,6,0,7,0,104,260,32768,2,5,1024,512,512,0.0,0.0,6687.426842465598,30.91941076437199,226395.00000000012,37732.50000000002,73061.44581503526,4399.7499999999245,0.3006872852233677,226395.00000000012,0.0
10.1.1.8,10.1.1.4,49154,80,6,0,104,0,3276,2132,32768,63,41,32256,536,176,43.81780460041329,0.0,52852.92993136711,139.03037011488718,748038.0000000002,7262.5048543689345,26991.36044941361,12990.649999999992,0.0782741504390989,748038.0000000002,0.0
10.1.1.4,10.1.1.2,80,49160,6,0,6241,0,100984,223548,32768,1942,4299,0,0,0,0.0,525.7687834380089,2726393.2944765557,6308.666759664158,989274.0,158.5375,908.3525233116135,230.15262912982777,18.84073856112991,989274.0,0.0
10.1.1.9,10.1.1.4,49153,80,6,0,197,0,6708,3536,32768,129,68,66560,536,472,9.967340454134296,0.0,81364.53437917394,199.48740849654345,987530.9999999998,5038.423469387754,13468.139281026222,12408.313432835814,0.0629712924990078,987530.9999999998,0.0
10.1.1.5,10.1.1.4,49153,80,6,0,172,0,6344,2600,32768,122,50,62464,536,56,57.89759189759953,0.0,75620.92100321749,174.57852481146526,985230.0000000005,5761.5789473684235,17581.1955843052,16513.142857142873,0.049292997577601264,985230.0000000005,0.0
10.1.1.6,10.1.1.4,49153,80,6,0,80,0,3224,936,32768,62,18,31744,536,464,7.466052202059062,0.0,74729.25054630161,160.08836877956645,499723.9999999996,6325.620253164552,4640.892843778882,17424.64705882357,0.034918523445294315,499723.9999999996,0.0
10.1.1.4,10.1.1.1,80,49153,6,0,6498,0,102388,235508,32768,1969,4529,0,0,0,0.0,470.96842570103775,2641795.0366990273,6633.3874376014455,979590.0,150.77574265045405,1069.307497965394,216.32685512367493,17.77585431328448,979590.0,0.0
10.1.1.4,10.1.1.3,80,49169,6,0,6075,0,97812,218088,32768,1881,4194,0,0,0,0.0,515.6585598474011,2595716.937964707,6093.298174417774,996997.0000000003,164.1417517286797,1115.923244232656,237.62818984020998,18.654606212500948,996997.0000000003,0.0
10.1.1.4,10.1.1.2,80,49170,6,0,6628,0,101504,243152,32768,1952,4676,0,0,0,0.0,478.1009409751925,2704511.9614013284,6640.158129535186,998168.999999999,150.62154821186041,854.8569358036201,213.49368983957208,18.756733021077284,998168.999999999,0.0
10.1.1.5,10.1.1.4,49153,80,6,0,184,0,6344,3224,32768,122,62,62464,536,416,9.717315962146992,0.0,76714.11407742275,187.34599955199866,982140.0000000002,5366.88524590164,5653.130116361629,13484.475409836068,0.061123316996225564,982140.0000000002,0.0
10.1.1.6,10.1.1.4,49153,80,6,0,170,0,5928,2912,32768,114,56,58368,536,320,19.336357900134793,0.0,75288.05706926438,182.14506890440805,933322.0000000005,5522.6153846153875,7200.203104466041,13390.418181818184,0.059082413938626635,933322.0000000005,0.0
10.1.1.7,10.1.1.4,49153,80,6,0,173,0,6344,2652,32768,122,51,62464,536,320,28.330600961145745,0.0,75284.00343640879,174.64709676963446,990568.9999999998,5759.122093023255,8580.092444898259,16359.54,0.05027885752915329,990568.9999999998,0.0
10.1.1.4,10.1.1.9,80,49154,6,0,11,0,572,0,32768,11,0,0,0,0,0.0,0.0,850828.7292814129,12154.696132591613,905.0000000003777,90.50000000003777,226.19294860803487,0.0,0.0,905.0000000003777,0.0
10.1.1.8,10.1.1.4,49153,80,6,0,77,0,3120,884,32768,60,17,30720,536,296,29.393876913398138,0.0,74480.78989651887,158.82084802082395,484823.00000000047,6379.2500000000055,10103.426619254455,17348.187500000004,0.034077892325315,484823.00000000047,0.0
10.1.1.4,10.1.1.2,80,49168,6,0,7463,0,106652,281424,32768,2051,5412,0,0,0,0.0,432.9726533628973,2866423.335030451,7464.993153171891,999733.0000000008,133.9765478424016,868.9347286786332,184.4239512104972,18.96000557219475,999733.0000000008,0.0
10.1.1.4,10.1.1.3,80,49160,6,0,5733,0,93964,204152,32768,1807,3926,0,0,0,0.0,523.0361691288844,2475834.2040819624,5782.241569203336,991483.9999999998,172.97348220516398,1017.82438517633,252.5864968152868,18.40667246422642,991483.9999999998,0.0
10.1.1.8,10.1.1.4,49153,80,6,0,183,0,6344,3172,32768,122,61,62464,536,296,23.802465776662306,0.0,76112.14696234946,185.03763443034714,988987.9999999991,5433.9999999999945,8115.000264738256,12480.800000000008,0.06013745704467354,988987.9999999991,0.0
10.1.1.4,10.1.1.1,80,49172,6,0,6668,0,101920,244816,32768,1960,4708,0,0,0,0.0,458.6898895497026,2676193.7176082637,6794.7492525572,981346.0000000002,147.1945402729864,1029.3931317486217,208.470363288719,18.141924198250727,981346.0000000002,0.0
10.1.1.7,10.1.1.4,49154,80,6,0,183,0,6188,3328,32768,119,64,60928,512,512,0.0,0.0,76276.79690829573,189.3006839650942,966715.9999999999,5311.626373626374,4425.285085864254,13494.920634920636,0.06468566808166566,966715.9999999999,0.0
10.1.1.4,10.1.1.6,80,49154,6,0,116,0,2496,3536,32768,48,68,0,0,0,0.0,512.0,73110.92645315964,197.52346442534278,587272.0000000005,5106.713043478265,13473.378063725877,6830.194029850746,11.778571428571428,587272.0000000005,0.0
10.1.1.9,10.1.1.4,49153,80,6,0,167,0,5928,2756,32768,114,53,58368,512,512,0.0,0.0,75680.28864331172,180.4020697626689,925709.9999999987,5576.566265060233,4880.395196057934,16042.307692307679,0.055917284620485924,925709.9999999987,0.0
10.1.1.4,10.1.1.5,80,49154,6,0,10,0,520,0,32768,10,0,0,0,0,0.0,0.0,209895.05247377156,2998.500749625308,3334.999999999866,370.55555555554065,1008.4919556900337,0.0,0.0,3334.999999999866,0.0
10.1.1.4,10.1.1.2,80,49161,6,0,7663,0,97916,300560,32768,1883,5780,0,0,0,0.0,409.43667820069203,2941305.6848244285,7764.237897951395,986960.9999999991,128.8124510571651,823.0747506099631,170.77349022322207,21.02377664820575,986960.9999999991,0.0
10.1.1.7,10.1.1.4,49154,80,6,0,10,0,156,364,32768,3,7,1536,512,512,0.0,0.0,12169.1048415187,54.42354580285644,183743.999999999,20415.99999999989,52505.89145779572,41.333333333189636,0.2806414662084765,183743.999999999,0.0
10.1.1.4,10.1.1.3,80,49153,6,0,6405,0,92612,240448,32768,1781,4624,0,0,0,0.0,469.6764705882353,2626295.2887473996,6420.061464194997,997654.0000000007,155.78607120549668,1080.0057535441904,215.78585334198587,20.016555707066654,997654.0000000007,0.0
10.1.1.1,10.1.1.4,49167,80,6,0,7292,0,286364,92820,32768,5507,1785,2369504,536,64,196.70923674960284,0.0,2885640.2538611237,7306.422878762682,998025.9999999994,136.88465231106835,961.7173807278305,548.6395739910316,0.04535400077096357,998025.9999999994,0.0
10.1.1.8,10.1.1.4,49154,80,6,0,106,0,3224,2288,32768,62,44,31744,512,512,0.0,0.0,56158.84619410681,151.9976942236575,697378.9999999998,6641.70476190476,19142.011082047233,14531.581395348832,0.08535639064405276,697378.9999999998,0.0
10.1.1.9,10.1.1.4,49153,80,6,0,194,0,6760,3328,32768,130,64,66560,512,512,0.0,0.0,80963.64314168031,195.99384538914376,989827.0,5128.637305699482,4742.40439149748,14595.301587301587,0.059212265397832406,989827.0,0.0
10.1.1.5,10.1.1.4,49153,80,6,0,180,0,6344,3016,32768,122,58,62464,536,80,51.51094106284924,0.0,76117.92884275674,182.52727261664998,986154.0000000008,5509.240223463692,15029.965844188984,16791.912280701752,0.057179877190017464,986154.0000000008,0.0
10.1.1.6,10.1.1.4,49153,80,6,0,82,0,3224,1040,32768,62,20,31744,536,248,35.01888891220224,0.0,75024.56852466738,164.12374930697698,499623.00000000146,6168.185185185203,11355.418020596839,18018.52631578947,0.03879835938366035,499623.00000000146,0.0
10.1.1.4,10.1.1.3,80,49160,6,0,5538,0,82368,205608,32768,1584,3954,0,0,0,0.0,513.224076884168,2426793.5012345114,5560.559188628272,995942.9999999987,179.87050749503317,1030.7385172503632,251.9304325828482,20.79787157287157,995942.9999999987,0.0
10.1.1.4,10.1.1.2,80,49168,6,0,8138,0,85576,338728,32768,1624,6514,0,0,0,0.0,337.2035615597175,2769822.070040968,8145.32264505791,999100.9999999995,122.78493302199823,901.809812756684,153.38737908797796,23.10399972127378,999100.9999999995,0.0
10.1.1.5,10.1.1.4,49153,80,6,0,169,0,6344,2444,32768,122,47,62464,536,248,33.80173630228454,0.0,75429.20960454835,171.58231382303646,984950.0000000013,5862.797619047626,9381.36986618609,15522.717391304357,0.04633541772294519,984950.0000000013,0.0
10.1.1.6,10.1.1.4,49153,80,6,0,187,0,6292,3432,32768,121,66,61952,536,200,33.65945153572694,0.0,75626.13627660056,188.45563129613157,992275.9999999986,5334.817204301068,10252.122096557103,10883.615384615388,0.06560449859418932,992275.9999999986,0.0
10.1.1.7,10.1.1.4,49153,80,6,0,167,0,6344,2340,32768,122,45,62464,536,272,27.995315767428536,0.0,74810.23538479547,168.47788803383287,991227.9999999995,5971.25301204819,9465.741690074417,16370.68181818181,0.04436369781984113,991227.9999999995,0.0
10.1.1.4,10.1.1.1,80,49153,6,0,9199,0,77584,400764,32768,1492,7707,0,0,0,0.0,270.56338393668096,2810332.843519371,9472.597019720593,971116.9999999995,105.57914764079142,752.5922472753092,125.49662600570979,25.131386441976254,971116.9999999995,0.0
10.1.1.4,10.1.1.9,80,49154,6,0,5,0,260,0,32768,5,0,0,0,0,0.0,0.0,6034482.758701287,86206.89655287554,57.99999999922534,14.499999999806334,1.1180339879131578,0.0,0.0,57.99999999922534,0.0
10.1.1.8,10.1.1.4,49153,80,6,0,78,0,3120,936,32768,60,18,30720,536,152,48.0,0.0,74863.27829978807,161.39678572093615,483281.00000000163,6276.376623376645,14881.935023811853,22642.52941176474,0.03608247422680412,483281.00000000163,0.0
10.1.1.2,10.1.1.4,49157,80,6,0,9953,0,436904,82300,32768,8402,1551,2052960,536,64,229.06394140188723,0.0,2751496.8472950724,9953.646987054151,999935.0000000007,100.47578376205794,590.227538873838,607.245806451613,0.041731854151679224,999935.0000000007,0.0
10.1.1.4,10.1.1.3,80,49157,6,0,7076,0,76580,291772,32768,1465,5611,0,0,0,0.0,379.8110853680271,2636240.83481696,7101.323318955402,996433.999999999,140.8387279151942,961.7533623719132,177.6064171122993,24.51568722680913,996433.999999999,0.0
10.1.1.1,10.1.1.4,49158,80,6,0,11794,0,539604,74692,32768,10377,1417,1982568,536,40,209.10537069596586,0.0,2821383.8777260655,11845.337693563908,995665.9999999999,84.42855931484779,593.2732216965702,653.5593220338984,0.03698765355535228,995665.9999999999,0.0
10.1.1.8,10.1.1.4,49153,80,6,0,188,0,6344,3432,32768,122,66,62464,536,176,38.86926384858797,0.0,76238.32845065539,189.52721026027734,991941.9999999999,5304.502673796791,11179.215176443415,10949.169230769226,0.06506675680243366,991941.9999999999,0.0
10.1.1.6,10.1.1.4,49154,80,6,0,97,0,3172,1872,32768,61,36,31232,512,512,0.0,0.0,56581.1149256463,144.34717131628247,671991.0000000002,6999.906250000003,18239.7335518723,12739.628571428591,0.07098191651174582,671991.0000000002,0.0
10.1.1.7,10.1.1.4,49154,80,6,0,179,0,6188,3120,32768,119,60,60928,536,224,27.4789453395648,0.0,75281.77631295777,183.4441171828724,975773.9999999994,5481.876404494379,9291.172077850435,13316.542372881333,0.06064281382656155,975773.9999999994,0.0
10.1.1.9,10.1.1.4,49153,80,6,0,162,0,5928,2496,32768,114,48,58368,512,512,0.0,0.0,75373.68949171307,175.16694924051066,924832.0000000003,5744.298136645965,4747.891143300383,16412.765957446805,0.0506420690902514,924832.0000000003,0.0
10.1.1.4,10.1.1.5,80,49154,6,0,17,0,884,0,32768,17,0,0,0,0,0.0,0.0,3059125.9640087513,43701.79948583931,389.00000000019475,24.31250000001217,35.64884070728417,0.0,0.0,389.00000000019475,0.0
10.1.1.2,10.1.1.4,49154,80,6,0,11685,0,485680,150436,32768,9340,2345,1777880,536,16,205.45103047864507,0.0,2624488.7183005386,11685.724514919943,999937.9999999985,85.58182129407723,493.59218544314297,416.1036689419792,0.07922341755494144,999937.9999999985,0.0
10.1.1.9,10.1.1.4,49153,80,6,0,196,0,6760,3432,32768,130,66,66560,512,512,0.0,0.0,80599.90100709729,196.78102388379506,996030.9999999986,5107.851282051274,4688.5191969250045,12847.353846153836,0.06106264869151467,996030.9999999986,0.0
10.1.1.7,10.1.1.4,49154,80,6,0,20,0,156,884,32768,3,17,1536,512,512,0.0,0.0,26364.94252873576,179.59770114942617,111359.99999999946,5861.052631578918,20304.228147886824,17.99999999996249,0.6815578465063001,111359.99999999946,0.0
10.1.1.1,10.1.1.4,49153,80,6,0,11567,0,491140,138456,32768,9445,2122,1336264,536,24,173.31022588264378,0.0,2179519.15693064,11596.013225089171,997498.0000000002,86.2439910081273,510.9398900877121,456.9438943894387,0.08844035337691636,997498.0000000002,0.0
10.1.1.4,10.1.1.3,80,49171,6,0,11800,0,145204,487396,32768,2427,9373,0,0,0,0.0,206.7128987517337,2789113.4642294385,11827.961300514417,997636.0,84.55258920247478,466.6161004821034,106.29054630815193,13.730901582931866,997636.0,0.0
10.1.1.8,10.1.1.4,49154,80,6,0,100,0,3224,1976,32768,62,38,31744,512,512,0.0,0.0,71071.78169237585,183.43945305692714,545138.999999999,5506.454545454535,5703.189655616716,8360.027027026998,0.07371688282895467,545138.999999999,0.0
10.1.1.5,10.1.1.4,49153,80,6,0,175,0,6344,2756,32768,122,53,62464,512,512,0.0,0.0,75720.93702049865,177.3585135126919,986701.9999999993,5670.701149425283,4767.973988673291,16530.5769230769,0.05225057743225734,986701.9999999993,0.0
10.1.1.6,10.1.1.4,49153,80,6,0,83,0,3172,1144,32768,61,22,31232,512,512,0.0,0.0,75677.77391872858,169.5711688152495,489469.99999999895,5969.146341463404,3962.9214252224333,14529.190476190495,0.04337783786828911,489469.99999999895,0.0
10.1.1.4,10.1.1.3,80,49171,6,0,11546,0,168984,484120,32768,2236,9310,0,0,0,0.0,207.59957035445757,2793756.63767258,11546.3002038053,999973.9999999999,86.61533131225637,500.2406319781398,107.18562681276197,12.352087634778618,999973.9999999999,0.0
10.1.1.4,10.1.1.1,80,49163,6,0,10880,0,150580,457652,32768,2079,8801,0,0,0,0.0,193.58709237586638,2580002.407340535,11193.104718284565,972027.0000000007,89.34892912951564,568.8218157409037,110.12795454545467,12.339390006489293,972027.0000000007,0.0
10.1.1.2,10.1.1.4,49157,80,6,0,9726,0,385476,168372,32768,7413,2313,1550000,536,32,210.03682334758517,0.0,2281528.3499607034,9737.149035645807,998855.0000000007,102.71002570694094,608.2543344270908,423.1107266435987,0.10150562373423687,998855.0000000007,0.0
10.1.1.6,10.1.1.4,49153,80,6,0,189,0,6344,3484,32768,122,67,62464,512,512,0.0,0.0,76133.21250292945,190.09666767582198,994230.9999999992,5288.462765957442,4732.16881518642,13819.106060606055,0.06605261675398569,994230.9999999992,0.0
10.1.1.5,10.1.1.4,49153,80,6,0,188,0,6344,3432,32768,122,66,62464,512,512,0.0,0.0,76769.63323679277,190.84802507824287,985076.9999999986,5267.79144385026,4181.1175928796965,14035.215384615376,0.06506675680243366,985076.9999999986,0.0
10.1.1.7,10.1.1.4,49153,80,6,0,179,0,6292,3016,32768,121,58,61952,512,512,0.0,0.0,76658.96117957759,184.23181508477737,971602.0000000007,5458.438202247195,4391.696893654123,15991.017543859658,0.05765243815853,971602.0000000007,0.0
10.1.1.4,10.1.1.9,80,49154,6,0,8,0,416,0,32768,8,0,0,0,0,0.0,0.0,76180.11154945024,1088.2873078492892,7350.999999999885,1050.1428571428407,1912.440432579034,0.0,0.0,7350.999999999885,0.0
10.1.1.8,10.1.1.4,49153,80,6,0,88,0,3120,1456,32768,60,28,30720,512,512,0.0,0.0,76187.17089022063,181.7915140547564,484071.0000000001,5564.034482758621,4427.878606379552,16078.888888888878,0.056128293241695305,484071.0000000001,0.0
10.1.1.3,10.1.1.4,49170,80,6,0,7535,0,258024,163852,32768,4962,2573,1990664,536,48,209.30600188489709,0.0,2559925.1764100767,7569.760339478891,995407.9999999994,132.12211308733734,833.0946186974666,382.2406687402802,0.0898912063452415,995407.9999999994,0.0
10.1.1.7,10.1.1.4,49153,80,6,0,182,0,6240,3224,32768,120,62,61440,512,512,0.0,0.0,74774.98455208086,183.45978954541272,992043.0000000007,5480.900552486191,4550.966898788263,15519.14754098362,0.06214203894616266,992043.0000000007,0.0
10.1.1.4,10.1.1.2,80,49163,6,0,8058,0,159836,282724,32768,2621,5437,0,0,0,0.0,407.4953099135553,2806509.77918613,8067.640830792805,998804.9999999991,123.96735757726191,891.9451542415073,182.55813097866073,12.540900615417314,998804.9999999991,0.0
10.1.1.4,10.1.1.1,80,49156,6,0,7057,0,142772,249496,32768,2259,4798,0,0,0,0.0,368.0100041684035,2290432.033487331,7073.757732067266,997631.0000000001,141.38761337868482,820.4911553161345,207.95413800291877,11.456829159261641,997631.0000000001,0.0
10.1.1.8,10.1.1.4,49153,80,6,0,183,0,6344,3172,32768,122,61,62464,512,512,0.0,0.0,75922.07079631732,184.5755367819708,991464.0000000006,5447.604395604399,4405.380786772527,14831.933333333325,0.06013745704467354,991464.0000000006,0.0
10.1.1.6,10.1.1.4,49154,80,6,0,94,0,3172,1716,32768,61,33,31232,512,512,0.0,0.0,56567.44574315447,140.62572463388662,668441.0000000014,7187.537634408617,18145.740727500106,18505.218750000055,0.06506675680243366,668441.0000000014,0.0
10.1.1.4,10.1.1.5,80,49154,6,0,3,0,156,0,32768,3,0,0,0,0,0.0,0.0,199052.13270158402,2843.6018957369147,1054.99999999914,527.4999999995699,506.4999999992991,0.0,0.0,1054.99999999914,0.0
10.1.1.9,10.1.1.4,49153,80,6,0,158,0,5876,2340,32768,113,45,57856,512,512,0.0,0.0,75224.63913654743,172.46347703834368,916135.9999999999,5835.261146496815,4271.990639894206,16690.45454545458,0.04789708968159839,916135.9999999999,0.0
10.1.1.2,10.1.1.4,49166,80,6,0,6472,0,222716,118036,32768,4283,2189,2284568,536,64,34.72602827647372,0.0,2741947.613485451,6472.310670912213,999951.9999999986,154.52820275073384,1010.5369831804302,456.23994515539306,0.06091910703465205,999951.9999999986,0.0
10.1.1.7,10.1.1.4,49154,80,6,0,5,0,156,104,32768,3,2,1536,512,512,0.0,0.0,9960.338207878476,26.405986765319394,189351.00000000026,47337.750000000065,72361.99735142407,12.999999999152578,0.08018327605956473,189351.00000000026,0.0
10.1.1.9,10.1.1.4,49153,80,6,0,206,0,6812,3900,32768,131,75,67072,512,512,0.0,0.0,81695.4215997836,206.5142204088183,997509.9999999984,4865.902439024382,4284.940538078927,12988.959459459462,0.06885968363893917,997509.9999999984,0.0
10.1.1.4,10.1.1.1,80,49162,6,0,5858,0,106972,204204,32768,1931,3927,0,0,0,0.0,477.257957728546,2298226.0773254554,5876.959069959699,996773.9999999985,170.18507768482132,1067.4644518898199,253.83316352521604,15.1632117406336,996773.9999999985,0.0
10.1.1.4,10.1.1.8,80,49154,6,0,95,0,1716,3224,32768,33,62,0,0,0,0.0,512.0,58618.40478058936,145.04215383018152,654982.0000000003,6967.89361702128,15911.152063527174,8192.00000000001,15.620779220779221,654982.0000000003,0.0
10.1.1.4,10.1.1.3,80,49155,6,0,6902,0,131188,230204,32768,2475,4427,0,0,0,0.0,530.8732776146375,2842529.424618649,6918.368860724477,997633.9999999997,144.5636864222576,976.4891231205694,225.37912336195188,15.13654417371314,997633.9999999997,0.0
10.1.1.5,10.1.1.4,49153,80,6,0,180,0,6292,3068,32768,121,59,61952,512,512,0.0,0.0,75830.96505664541,183.08796155966536,983133.9999999998,5492.368715083798,4327.767979603123,16496.913793103442,0.05864644571298742,983133.9999999998,0.0
10.1.1.6,10.1.1.4,49153,80,6,0,78,0,3224,832,32768,62,16,31744,512,512,0.0,0.0,74653.16098066054,156.51399194956247,498357.99999999965,6472.181818181813,4492.463911142278,15725.799999999994,0.03103868750692828,498357.99999999965,0.0
10.1.1.4,10.1.1.2,80,49169,6,0,6812,0,110804,243620,32768,2127,4685,0,0,0,0.0,492.34919957310564,2785266.8905262486,6815.844136092736,999436.0000000029,146.73851123183127,959.859032259485,213.31340734415028,17.671245556375343,999436.0000000029,0.0
10.1.1.4,10.1.1.1,80,49159,6,0,5443,0,91052,191984,32768,1751,3692,0,0,0,0.0,536.0,2365148.9792441335,5455.055673037421,997789.9999999984,183.34987137081927,1088.755086481705,270.29531292332695,18.253667292159584,997789.9999999984,0.0
10.1.1.5,10.1.1.4,49154,80,6,0,177,0,6396,2808,32768,123,54,62976,512,512,0.0,0.0,76079.1661030498,178.67489849852473,990626.0000000024,5628.556818181832,4517.427156071078,15784.301886792451,0.05280362081971335,990626.0000000024,0.0
10.1.1.7,10.1.1.4,49153,80,6,0,173,0,6344,2652,32768,122,51,62464,512,512,0.0,0.0,75239.94878671119,174.5448968823053,991149.0,5762.4941860465115,4948.701137434065,16532.579999999944,0.05027885752915329,991149.0,0.0
10.1.1.6,10.1.1.4,49153,80,6,0,184,0,6292,3276,32768,121,63,61952,512,512,0.0,0.0,75340.16944289248,185.24950793099498,993254.9999999978,5427.62295081966,4542.686566377629,12766.77419354841,0.06262247593081707,993254.9999999978,0.0
10.1.1.4,10.1.1.3,80,49159,6,0,6565,0,107372,234104,32768,2063,4502,0,0,0,0.0,517.7219013771658,2848205.855784594,6700.928331198367,979714.9999999988,149.25578915295534,991.7719991424658,217.14419017995996,18.3101324512477,979714.9999999988,0.0
10.1.1.4,10.1.1.9,80,49154,6,0,2,0,104,0,32768,2,0,0,0,0,0.0,0.0,9333333.33479196,133333.33335417087,14.999999997655777,14.999999997655777,0.0,0.0,0.0,14.999999997655777,0.0
10.1.1.8,10.1.1.4,49153,80,6,0,78,0,3120,936,32768,60,18,30720,512,512,0.0,0.0,74655.35349867016,160.94852329729883,484626.9999999997,6293.857142857139,4126.676524206734,16548.23529411749,0.03608247422680412,484626.9999999997,0.0
10.1.1.1,10.1.1.4,49169,80,6,0,5883,0,207376,98540,32768,3988,1895,2137568,536,536,0.0,0.0,2550497.6684764614,5885.58377127559,999560.9999999999,169.935566133968,959.0121967431975,527.3859556494206,0.054888262146174496,999560.9999999999,0.0
10.1.1.2,10.1.1.4,49168,80,6,0,6447,0,225732,109512,32768,4341,2106,2326776,536,536,0.0,0.0,2801921.5601632344,6502.361102426065,991485.9999999984,153.81414830902858,1107.9799506787404,460.104988123515,0.0560394671118805,991485.9999999984,0.0
10.1.1.4,10.1.1.3,80,49164,6,0,6430,0,109304,225056,32768,2102,4328,0,0,0,0.0,535.3937153419594,2785063.84760309,6471.312861306562,993616.0000000029,154.552185409862,1027.1774296777992,228.81696325398653,17.807149653391328,993616.0000000029,0.0
10.1.1.6,10.1.1.4,49154,80,6,0,104,0,3172,2236,32768,61,43,31232,512,512,0.0,0.0,63133.908738453225,170.49040581634648,610004.9999999974,5922.378640776677,12260.561496760924,12974.547619047578,0.08478395583347417,610004.9999999974,0.0
10.1.1.8,10.1.1.4,49153,80,6,0,183,0,6344,3172,32768,122,61,62464,512,512,0.0,0.0,76151.6477402058,185.13366549482768,988475.000000001,5431.181318681325,4461.666669208221,12183.716666666674,0.06013745704467354,988475.000000001,0.0
10.1.1.7,10.1.1.4,49154,80,6,0,179,0,6240,3068,32768,120,59,61440,512,512,0.0,0.0,75913.77213553016,183.7037341119359,974395.0000000013,5474.129213483153,4800.8016828348955,13658.293103448266,0.05913516609392898,974395.0000000013,0.0
10.1.1.9,10.1.1.4,49153,80,6,0,164,0,5928,2600,32768,114,50,58368,512,512,0.0,0.0,75856.35425117266,178.1073487743717,920792.9999999998,5649.03680981595,5216.207580236607,16417.102040816277,0.05275215530234521,920792.9999999998,0.0
10.1.1.4,10.1.1.5,80,49154,6,0,9,0,468,0,32768,9,0,0,0,0,0.0,0.0,4883720.930323295,69767.44186176136,128.99999999760325,16.124999999700407,3.2572035545591453,0.0,0.0,128.99999999760325,0.0
10.1.1.3,10.1.1.4,49162,80,6,0,7280,0,269152,109408,32768,5176,2104,2462344,536,64,157.46915734215293,0.0,3011768.6164148534,7377.553388455548,986777.0,135.56491276274215,1008.277431518226,462.1407513076544,0.05214071478944044,986777.0,0.0
10.1.1.9,10.1.1.4,49153,80,6,0,192,0,6760,3224,32768,130,62,66560,512,512,0.0,0.0,80547.96782511436,193.3151227802745,993196.9999999986,5199.98429319371,4641.752641636613,13553.786885245909,0.05736188210415014,993196.9999999986,0.0
10.1.1.8,10.1.1.4,49154,80,6,0,105,0,3224,2236,32768,62,43,31744,512,512,0.0,0.0,64352.4752344864,172.8400751936633,607497.9999999997,5841.32692307692,11398.335909618538,12649.976190476207,0.08341647267486975,607497.9999999997,0.0
10.1.1.7,10.1.1.4,49154,80,6,0,14,0,104,624,32768,2,12,1024,512,512,0.0,0.0,20031.38650380348,139.9398258748746,100042.99999999943,7695.615384615342,24238.853722384993,47.72727272724224,0.7216494845360825,100042.99999999943,0.0
10.1.1.4,10.1.1.1,80,49157,6,0,5907,0,99580,207584,32768,1915,3992,0,0,0,0.0,536.0,2568200.2896918072,5941.699525227344,994159.9999999973,168.33051134439506,945.780091879016,249.0851916812825,18.04663931368892,994159.9999999973,0.0
10.1.1.4,10.1.1.2,80,49164,6,0,6635,0,113932,231088,32768,2191,4444,0,0,0,0.0,536.0,2868241.238133528,6685.832383612604,992397.0000000005,149.5925535122099,1045.654237063995,223.34458699077268,17.55926191562887,992397.0000000005,0.0
10.1.1.5,10.1.1.4,49153,80,6,0,173,0,6344,2652,32768,122,51,62464,512,512,0.0,0.0,75665.7815621604,175.53276222616125,985571.0000000002,5730.063953488373,5288.425709991281,16491.12000000002,0.05027885752915329,985571.0000000002,0.0
10.1.1.6,10.1.1.4,49153,80,6,0,79,0,3224,884,32768,62,17,31744,512,512,0.0,0.0,74573.35494067994,158.05373827101238,499829.9999999993,6408.076923076915,4668.596277170372,16249.249999999993,0.0329786054761113,499829.9999999993,0.0
10.1.1.1,10.1.1.4,49153,80,6,0,5588,0,198172,92404,32768,3811,1777,2042696,536,536,0.0,0.0,2448756.68442473,5622.211154877443,993914.9999999977,177.89779846071195,1157.8939732591937,555.9881756756764,0.05386093581806357,993914.9999999977,0.0
10.1.1.2,10.1.1.4,49155,80,6,0,6160,0,217568,102752,32768,4184,1976,2242624,536,536,0.0,0.0,2677355.43181456,6168.135771082049,998681.0000000013,162.1498619905831,1205.3183590217434,484.8192405063292,0.054553256472874824,998681.0000000013,0.0
10.1.1.5,10.1.1.4,49153,80,6,0,186,0,6344,3328,32768,122,64,62464,512,512,0.0,0.0,76826.85662698289,189.30893080147868,982521.000000002,5310.924324324335,5287.202347607277,13903.936507936525,0.06309503689932962,982521.000000002,0.0
10.1.1.7,10.1.1.4,49153,80,6,0,176,0,6344,2808,32768,122,54,62464,512,512,0.0,0.0,75518.11156249898,177.7276908830742,990279.000000001,5658.737142857148,4477.873374020616,16127.433962264147,0.053236437383809364,990279.000000001,0.0
10.1.1.6,10.1.1.4,49153,80,6,0,185,0,6240,3380,32768,120,65,61440,512,512,0.0,0.0,75905.83961715436,188.7697315388299,980030.0000000028,5326.2500000000155,5055.133745757935,12587.703125000015,0.06514891179839634,980030.0000000028,0.0
10.1.1.4,10.1.1.3,80,49156,6,0,7976,0,107692,307060,32768,2071,5905,0,0,0,0.0,412.93005927180354,3038034.8444066006,8086.0921445480335,986384.9999999985,123.6846394984324,854.8654008972328,167.05758807588094,19.67098020280058,986384.9999999985,0.0
10.1.1.4,10.1.1.9,80,49154,6,0,10,0,520,0,32768,10,0,0,0,0,0.0,0.0,4575163.398770402,65359.477125291465,152.9999999974052,16.99999999971169,3.6209268299795454,0.0,0.0,152.9999999974052,0.0
10.1.1.8,10.1.1.4,49153,80,6,0,81,0,3120,1092,32768,60,21,30720,512,512,0.0,0.0,75303.41752113315,167.61684031909272,483245.0000000002,6040.562500000002,4910.394841160226,14935.849999999991,0.04209621993127148,483245.0000000002,0.0
10.1.1.2,10.1.1.4,49154,80,6,0,6454,0,230308,105300,32768,4429,2025,2373944,536,536,0.0,0.0,2848848.1000279225,6506.815824043754,991883.0000000014,153.7088176042153,1238.331997252911,467.7672924901197,0.05281347732876697,991883.0000000014,0.0
10.1.1.8,10.1.1.4,49153,80,6,0,181,0,6344,3068,32768,122,59,62464,512,512,0.0,0.0,75483.18521480382,181.84119737907594,995373.9999999983,5529.855555555546,4607.344514917143,12243.172413793061,0.05816573714156949,995373.9999999983,0.0
10.1.1.4,10.1.1.3,80,49170,6,0,6862,0,99528,257296,32768,1914,4948,0,0,0,0.0,450.27970897332256,2725437.0190425664,6905.358747576025,993721.0000000007,144.83617548462334,1139.2508935413862,200.86092581362462,19.214390207493654,993721.0000000007,0.0
10.1.1.6,10.1.1.4,49154,80,6,0,102,0,3224,2080,32768,62,40,31744,512,512,0.0,0.0,52899.22699977401,138.76456007553105,735058.0000000022,7277.801980198042,24086.774560597976,15481.051282051341,0.0775967187673207,735058.0000000022,0.0
10.1.1.4,10.1.1.1,80,49161,6,0,5851,0,96564,207688,32768,1857,3994,0,0,0,0.0,536.0,2565136.8838616996,5884.914763783696,994236.9999999983,169.9550427350424,1196.9285152541142,248.97570748810438,18.6196168936072,994236.9999999983,0.0
10.1.1.7,10.1.1.4,49154,80,6,0,182,0,6240,3224,32768,120,62,61440,512,512,0.0,0.0,76331.55761447926,187.27882833425755,971813.0000000009,5369.132596685088,4902.1640462156865,14521.36065573769,0.06214203894616266,971813.0000000009,0.0
10.1.1.9,10.1.1.4,49153,80,6,0,168,0,5980,2756,32768,115,53,58880,512,512,0.0,0.0,75720.05874092894,180.08167990481402,932909.9999999997,5586.2874251497,4559.980219914282,16384.923076923056,0.05543104736291648,932909.9999999997,0.0
10.1.1.4,10.1.1.5,80,49154,6,0,7,0,364,0,32768,7,0,0,0,0,0.0,0.0,6363636.363554303,90909.09090791861,77.00000000099294,12.833333333498823,0.6871842702065728,0.0,0.0,77.00000000099294,0.0
10.1.1.1,10.1.1.4,49154,80,6,0,5822,0,210496,92248,32768,4048,1774,2162712,536,64,28.436184090682893,0.0,2576908.1537611685,5837.077170330973,997416.9999999987,171.34805016320195,1015.5063250308776,555.2216582064309,0.05076710742774538,997416.9999999987,0.0
10.1.1.8,10.1.1.4,49154,80,6,0,104,0,3224,2184,32768,62,42,31744,512,512,0.0,0.0,50888.634167523895,135.6195662521137,766851.0000000026,7445.155339805851,25841.68665809366,15684.926829268372,0.08147655470568674,766851.0000000026,0.0
10.1.1.9,10.1.1.4,49154,80,6,0,195,0,6708,3432,32768,129,66,66048,512,512,0.0,0.0,80418.06333913859,196.76180520379464,991046.0000000008,5108.484536082478,4749.6661263311025,14148.59999999999,0.06153600255734037,991046.0000000008,0.0
10.1.1.7,10.1.1.4,49154,80,6,0,8,0,104,312,32768,2,6,1024,512,512,0.0,0.0,7276.335372912203,36.74916855006163,217691.99999999956,31098.85714285708,70239.90655588666,565.3999999999827,0.36082474226804123,217691.99999999956,0.0
10.1.1.4,10.1.1.3,80,49153,6,0,8559,0,95160,349908,32768,1830,6729,0,0,0,0.0,347.72715113687025,2955887.7662474075,8608.221812322876,994281.9999999984,116.1815844823555,842.1543319873236,147.75460760998803,21.94290398126464,994281.9999999984,0.0
10.1.1.5,10.1.1.4,49153,80,6,0,179,0,6344,2964,32768,122,57,62464,512,512,0.0,0.0,75881.89404218753,181.1192766561534,988299.0000000014,5552.241573033716,5233.239255429044,16341.32142857141,0.05619401723846544,988299.0000000014,0.0
10.1.1.4,10.1.1.2,80,49167,6,0,6117,0,97604,220480,32768,1877,4240,0,0,0,0.0,536.0,2753670.177026963,6236.675567464051,980811.0000000028,160.3680510137349,1429.8245053759358,231.35999056381291,19.555826166374914,980811.0000000028,0.0
10.1.1.6,10.1.1.4,49153,80,6,0,82,0,3224,1040,32768,62,20,31744,512,512,0.0,0.0,74363.86793688062,162.67840067293272,504062.0000000011,6222.987654321002,5197.446734253312,16926.89473684214,0.03879835938366035,504062.0000000011,0.0
10.1.1.1,10.1.1.4,49153,80,6,0,6054,0,231920,82888,32768,4460,1594,2132096,536,64,154.80696321795526,0.0,2588467.3929445664,6131.197912921599,987408.9999999995,163.1272096481083,1203.7247963869245,604.2460765850599,0.04564913578388215,987408.9999999995,0.0
10.1.1.4,10.1.1.3,80,49155,6,0,7843,0,96200,311636,32768,1850,5993,0,0,0,0.0,398.96545970298683,2945388.278997453,7857.347516565258,998173.9999999988,127.28564141800543,997.0352919505792,166.5188584779706,21.70277992277992,998173.9999999988,0.0
10.1.1.5,10.1.1.4,49153,80,6,0,161,0,6136,2236,32768,118,43,60416,536,488,3.124533863539773,0.0,75330.80570314065,169.18589010693364,951616.0000000014,5947.600000000009,5124.092352797485,15495.000000000016,0.04382899411730445,951616.0000000014,0.0
10.1.1.6,10.1.1.4,49153,80,6,0,183,0,6292,3224,32768,121,62,61952,512,512,0.0,0.0,75126.89131109783,183.8931691224272,995143.0000000023,5467.818681318695,4856.745537330188,12061.868852459003,0.06162846837635966,995143.0000000023,0.0
10.1.1.7,10.1.1.4,49153,80,6,0,162,0,6344,2080,32768,122,40,62464,512,512,0.0,0.0,74454.28371395775,163.4273746905473,991265.9999999995,6156.9316770186315,5019.712279404318,16351.974358974312,0.03943439806208101,991265.9999999995,0.0
10.1.1.4,10.1.1.2,80,49168,6,0,6670,0,94224,252616,32768,1812,4858,0,0,0,0.0,498.34993824619187,2908399.852559958,6717.384429767581,992945.9999999999,148.88978857399908,1110.7097906363867,204.42021824171348,21.767928098391675,992945.9999999999,0.0
10.1.1.4,10.1.1.9,80,49154,6,0,3,0,156,0,32768,3,0,0,0,0,0.0,0.0,7499999.999903285,107142.8571414755,28.00000000036107,14.000000000180535,1.0000000010279564,0.0,0.0,28.00000000036107,0.0
10.1.1.8,10.1.1.4,49153,80,6,0,82,0,3120,1144,32768,60,22,30720,512,512,0.0,0.0,75170.60800362835,169.06170752324533,485030.00000000186,5988.024691358049,5498.3240139477375,16740.71428571417,0.0441008018327606,485030.00000000186,0.0
10.1.1.4,10.1.1.2,80,49164,6,0,8317,0,90792,341692,32768,1746,6571,0,0,0,0.0,357.07198295541014,2936061.5503073926,8338.446484357773,997427.9999999993,119.94083694083686,910.5145801866645,151.12435312024348,22.960972017673047,997427.9999999993,0.0
10.1.1.4,10.1.1.5,80,49154,6,0,26,0,1144,208,32768,22,4,0,0,0,0.0,512.0,265787.1229299915,1786.5732151447207,14552.999999999372,582.1199999999749,2678.075582503243,55.33333333337017,1.5116883116883117,14552.999999999372,0.0
10.1.1.8,10.1.1.4,49153,80,6,0,180,0,6344,3016,32768,122,58,62464,512,512,0.0,0.0,75673.7030252747,181.46203965348832,991942.9999999992,5541.581005586589,4824.650021507365,10525.175438596525,0.057179877190017464,991942.9999999992,0.0
10.1.1.6,10.1.1.4,49154,80,6,0,101,0,3172,2080,32768,61,40,31232,512,512,0.0,0.0,63070.98490986096,166.31427799843237,607283.9999999999,6072.84,12028.392650491738,9997.410256410249,0.07886879612416202,607283.9999999999,0.0
10.1.1.4,10.1.1.3,80,49170,6,0,8930,0,90064,374296,32768,1732,7198,0,0,0,0.0,288.6023895526535,2728128.9654357894,9014.820445572404,990590.9999999985,110.94086683839157,783.4865375535702,137.6290120883701,21.2901682612999,990590.9999999985,0.0
10.1.1.4,10.1.1.1,80,49161,6,0,7402,0,81172,303732,32768,1561,5841,0,0,0,0.0,355.0433145009416,2614366.1900799368,7466.021131200044,991424.9999999995,133.9582488852857,844.8868707474335,169.75154109589036,22.720582044476984,991424.9999999995,0.0
10.1.1.4,10.1.1.7,80,49153,6,0,186,0,3432,6240,32768,66,120,0,0,0,0.0,512.0,75971.14198522827,189.7748107608442,980108.9999999988,5297.88648648648,5083.693700033712,8191.462184873944,15.116883116883116,980108.9999999988,0.0
10.1.1.9,10.1.1.4,49153,80,6,0,159,0,5980,2288,32768,115,44,58880,512,512,0.0,0.0,74984.30909686789,170.29717392375366,933662.0000000017,5909.253164556973,4904.874970905191,16429.976744185995,0.04601822799940236,933662.0000000017,0.0
10.1.1.1,10.1.1.4,49156,80,6,0,11153,0,486460,94432,32768,9355,1798,2079768,536,16,222.64512864201606,0.0,2861508.4297781885,11153.36806114604,999966.999999998,89.66705523672867,547.9053294772596,550.7317751808562,0.04636698800344326,999966.999999998,0.0
10.1.1.8,10.1.1.4,49154,80,6,0,104,0,3224,2184,32768,62,42,31744,512,512,0.0,0.0,75625.12233076688,201.54296644115817,516019.0,5009.8932038834955,5783.638386741887,8918.780487804826,0.08147655470568674,516019.0,0.0
10.1.1.4,10.1.1.2,80,49154,6,0,9157,0,107504,377780,32768,1892,7265,0,0,0,0.0,241.24432209222297,2428803.778127977,9256.292246932842,989273.0000000007,108.04641764962874,639.3178590914948,135.7147577092509,15.973368183102572,989273.0000000007,0.0
10.1.1.4,10.1.1.3,80,49170,6,0,10401,0,100992,454844,32768,1654,8747,0,0,0,0.0,241.39476391905797,2881496.1595650543,10499.241401796626,990642.9999999986,95.25413461538449,540.0280713254022,112.84552938486132,20.829662598268637,990642.9999999986,0.0
10.1.1.9,10.1.1.4,49154,80,6,0,203,0,6708,3848,32768,129,74,66048,536,392,11.57382773208989,0.0,81299.775320963,205.63500697943496,987185.9999999977,4887.059405940582,5344.689359813671,12524.095890410976,0.06899491195823011,987185.9999999977,0.0
10.1.1.7,10.1.1.4,49154,80,6,0,18,0,104,832,32768,2,16,1024,512,512,0.0,0.0,31672.513971127923,249.60825371291708,72113.00000000164,4241.941176470685,14553.44775189468,22.200000000083264,0.9621993127147767,72113.00000000164,0.0
10.1.1.5,10.1.1.4,49153,80,6,0,179,0,6344,2964,32768,122,57,62464,512,512,0.0,0.0,76038.46434626008,181.49298767875501,986264.000000002,5540.808988764056,4733.035176922493,16333.357142857187,0.05619401723846544,986264.000000002,0.0
10.1.1.6,10.1.1.4,49153,80,6,0,80,0,3224,936,32768,62,18,31744,512,512,0.0,0.0,75243.2955209444,161.18957909371122,496310.00000000116,6282.405063291153,3768.417071971905,18284.411764705932,0.034918523445294315,496310.00000000116,0.0
10.1.1.1,10.1.1.4,49156,80,6,0,11939,0,510328,146108,32768,9814,2125,1778112,536,64,200.757409286301,0.0,2649465.896795388,11939.071634429838,999993.9999999974,83.76562238230838,470.98580793822094,466.6911487758942,0.07478747243510588,999993.9999999974,0.0
10.1.1.4,10.1.1.3,80,49156,6,0,11899,0,169396,484640,32768,2579,9320,0,0,0,0.0,164.59656652360516,2404056.234063083,11907.90711452168,999251.9999999985,83.98487140695902,491.79926306560077,107.1568837858141,10.130943665495927,999251.9999999985,0.0
10.1.1.5,10.1.1.4,49153,80,6,0,184,0,6344,3224,32768,122,62,62464,512,512,0.0,0.0,76282.5808750871,186.29213847175654,987695.9999999997,5397.245901639342,4795.369936745636,15193.278688524599,0.061123316996225564,987695.9999999997,0.0
10.1.1.2,10.1.1.4,49163,80,6,0,10685,0,440024,163596,32768,8462,2223,1729832,536,64,210.1771371491968,0.0,2540103.101285048,10745.583600338721,994361.9999999988,93.07019842755511,526.2118214844174,440.41359135913547,0.08768084362398651,994361.9999999988,0.0
10.1.1.6,10.1.1.4,49153,80,6,0,192,0,6292,3692,32768,121,71,61952,512,512,0.0,0.0,75921.3234672135,193.34802241225847,993027.999999999,5199.099476439785,4687.028119416244,13812.699999999977,0.07057453636647638,993027.999999999,0.0
10.1.1.7,10.1.1.4,49153,80,6,0,180,0,6344,3016,32768,122,58,62464,512,512,0.0,0.0,75967.55813647536,182.16669061821332,988105.9999999984,5520.145251396639,4437.336919797334,16368.701754386002,0.057179877190017464,988105.9999999984,0.0
10.1.1.4,10.1.1.9,80,49154,6,0,4,0,208,0,32768,4,0,0,0,0,0.0,0.0,5185185.185313256,74074.07407590367,53.999999998666226,17.99999999955541,4.3204937989942875,0.0,0.0,53.999999998666226,0.0
10.1.1.8,10.1.1.4,49153,80,6,0,88,0,3120,1456,32768,60,28,30720,512,512,0.0,0.0,76302.55369419794,182.06683094060244,483339.0000000009,5555.620689655182,4567.9689021058675,16531.85185185193,0.056128293241695305,483339.0000000009,0.0
10.1.1.1,10.1.1.4,49162,80,6,0,7781,0,273312,181460,32768,5256,2525,1591616,536,64,221.6153078345801,0.0,2186555.327766384,7781.3890694534575,999950.0000000019,128.52827763496168,743.1813295098237,385.8510301109359,0.11579782152509574,999950.0000000019,0.0
10.1.1.8,10.1.1.4,49153,80,6,0,177,0,6344,2860,32768,122,55,62464,512,512,0.0,0.0,75501.8054911139,178.53180286861306,991419.999999998,5633.06818181817,4139.380276671526,13150.90740740743,0.05422229733536139,991419.999999998,0.0
10.1.1.6,10.1.1.4,49154,80,6,0,94,0,3172,1716,32768,61,33,31232,512,512,0.0,0.0,66470.36591046937,165.244218649744,568854.9999999992,6116.720430107519,8841.286120577977,13003.437499999993,0.06506675680243366,568854.9999999992,0.0
10.1.1.2,10.1.1.4,49171,80,6,0,8144,0,281060,190548,32768,5405,2739,1848176,536,16,227.8719146854702,0.0,2488920.6431859774,8218.442653555905,990942.0000000005,121.69249662286633,795.5331236074732,347.2962016070129,0.10772387117868823,990942.0000000005,0.0
10.1.1.3,10.1.1.4,49165,80,6,0,8288,0,270400,192272,32768,5200,3088,2331448,536,64,181.66649877921418,0.0,2975772.655443545,8379.427938234074,989088.9999999999,119.35428985157476,715.8813301764932,315.55069646906315,0.09195354538466333,989088.9999999999,0.0
10.1.1.7,10.1.1.4,49154,80,6,0,182,0,6240,3224,32768,120,62,61440,512,512,0.0,0.0,76145.07597570505,186.82129721728657,974192.9999999997,5382.2817679558,4100.566208464296,15382.950819672125,0.06214203894616266,974192.9999999997,0.0
10.1.1.9,10.1.1.4,49153,80,6,0,171,0,5980,2912,32768,115,56,58880,512,512,0.0,0.0,75802.72247858315,182.9536421148584,934663.0000000005,5498.017647058827,4311.962029835851,15883.836363636374,0.058568653817421185,934663.0000000005,0.0
10.1.1.4,10.1.1.5,80,49154,6,0,3,0,156,0,32768,3,0,0,0,0,0.0,0.0,7777777.77694647,111111.11109923528,27.000000002885827,13.500000001442913,0.49999999873762135,0.0,0.0,27.000000002885827,0.0
10.1.1.1,10.1.1.4,49156,80,6,0,7732,0,298116,111444,32768,5733,1999,2145104,536,32,222.59418543504918,0.0,2698859.8793756403,7746.408319474226,998139.9999999994,129.10878282240324,978.0100412895723,495.0090090090096,0.05789553466168502,998139.9999999994,0.0
10.1.1.4,10.1.1.3,80,49161,6,0,6622,0,122628,228436,32768,2229,4393,0,0,0,0.0,510.6888231277032,2719484.0256183334,6636.075115319586,997879.000000001,150.71424256154674,939.3937598574195,226.4865664845172,15.674138248847926,997879.000000001,0.0
10.1.1.7,10.1.1.4,49154,80,6,0,6,0,208,104,32768,4,2,1024,512,0,256.0,0.0,1458.7332053742768,6.061218304879267,989900.0000000022,197980.00000000044,303620.6344852069,15.000000001208491,0.10736196319018405,989900.0000000022,0.0
10.1.1.2,10.1.1.4,49157,80,6,0,6978,0,243048,123048,32768,4674,2304,2418488,536,0,91.43296111909392,0.0,2944807.152889373,7061.00922444256,988243.9999999981,141.64311308585326,871.2896011446439,412.05905340859647,0.05991984464254236,988243.9999999981,0.0
10.1.1.5,10.1.1.4,49153,80,6,0,166,0,6344,2288,32768,122,44,61440,512,0,65.01532699207205,0.0,74436.47937663284,169.1275058379558,981507.999999998,5948.533333333321,4959.695114692748,16784.000000000004,0.04401257502143469,981507.999999998,0.0
10.1.1.9,10.1.1.4,49154,80,6,0,194,0,6760,3328,32768,130,64,65536,512,0,63.01538461538462,0.0,80634.50907489847,197.72352950768874,981168.0000000002,5083.772020725391,4824.647007393683,15198.015873015853,0.060024652982474946,981168.0000000002,0.0
10.1.1.8,10.1.1.4,49154,80,6,0,101,0,3224,2028,32768,62,39,31744,512,512,0.0,0.0,75631.3328137182,196.80436477007103,513199.9999999977,5131.999999999976,5808.460551643464,11730.368421052654,0.07565680079813768,513199.9999999977,0.0
10.1.1.6,10.1.1.4,49153,80,6,0,77,0,3276,728,32768,63,14,31232,512,0,89.76547366349011,0.0,73612.06030150772,154.77386934673407,497499.9999999987,6546.05263157893,4570.912133707399,16522.999999999945,0.0274956511980248,497499.9999999987,0.0
10.1.1.3,10.1.1.4,49172,80,6,0,5755,0,176540,122720,32768,3395,2360,1803888,536,0,45.793858989769646,0.0,3014059.998798048,7860.432590132025,732148.0000000022,127.24157108098754,846.2481772178837,307.91860958033163,0.08091938528697482,732148.0000000022,0.0
10.1.1.8,10.1.1.4,49153,80,6,0,7,0,208,156,32768,4,3,0,0,0,0.0,0.0,1686.3116235051164,24.09016605007309,290575.00000000047,48429.166666666744,101325.02205841782,137422.49999999956,0.75,290575.00000000047,0.0
10.1.1.4,10.1.1.5,80,49154,6,0,27,0,1300,104,32768,25,2,0,0,0,0.0,0.0,6777.813240763,96.82590343947143,278850.99999999953,10725.038461538443,50618.27382894044,11514.999999999276,0.08,278850.99999999953,0.0
10.1.1.4,10.1.1.9,80,49153,6,0,11,0,468,104,32768,9,2,0,0,0,0.0,0.0,2947.887474923782,42.11267821319689,261204.00000000288,26120.40000000029,77221.4026293229,257818.00000000032,0.2222222222222222,261204.00000000288,0.0
10.1.1.4,10.1.1.6,80,49154,6,0,26,0,1248,104,32768,24,2,0,0,0,0.0,0.0,6429.732212251843,91.85331731788347,283059.99999999895,11322.399999999956,54676.550481536855,2441.000000001026,0.08333333333333333,283059.99999999895,0.0
10.1.1.4,10.1.1.7,80,49153,6,0,6,0,208,104,32768,4,2,0,0,0,0.0,0.0,1506.6724063710808,21.52389151958687,278759.99999999837,55751.999999999665,111461.50016934103,32.00000000092018,0.5,278759.99999999837,0.0
10.1.1.4,10.1.1.1,80,49162,6,0,5120,0,127192,139048,32768,2446,2674,0,0,0,0.0,530.1750186985789,2411924.3106122063,6952.95079429313,736378.000000002,143.85192420394645,1308.8955198498031,275.4537972315757,9.373133979675272,736378.000000002,0.0
10.1.1.4,10.1.1.2,80,49169,6,0,5705,0,139120,158756,32768,2652,3053,0,0,0,0.0,511.91090730429084,2724360.130651837,7915.980984995,720694.0000000017,126.34887798036496,1020.7137031695778,236.08551769331575,9.507717172582096,720694.0000000017,0.0
